{"cameraMode":{"drawMode":0,"name":"Shaded","section":"Shading Mode"},"sceneLighting":false,"audioPlay":false,"sceneViewState":{"m_AlwaysRefresh":false,"showFog":true,"showSkybox":false,"showFlares":true,"showImageEffects":true,"showParticleSystems":true,"showVisualEffectGraphs":true,"m_FxEnabled":true},"in2DMode":false,"pivot":{"x":-0.15680290758609773,"y":0.008626390248537064,"z":-0.34886547923088076},"rotation":{"x":0.19416923820972444,"y":0.15697689354419709,"z":-0.03149161860346794,"w":0.967801570892334},"size":0.4828129708766937,"orthographic":false}