{"cameraMode":{"drawMode":0,"name":"Shaded","section":"Shading Mode"},"sceneLighting":true,"audioPlay":false,"sceneViewState":{"m_AlwaysRefresh":false,"showFog":true,"showSkybox":true,"showFlares":true,"showImageEffects":true,"showParticleSystems":true,"showVisualEffectGraphs":true,"m_FxEnabled":true},"in2DMode":false,"pivot":{"x":34.46146774291992,"y":2.1591150760650636,"z":4.331471920013428},"rotation":{"x":0.07592233270406723,"y":-0.9214875102043152,"z":0.21747489273548127,"w":0.3158772587776184},"size":0.6823798418045044,"orthographic":false}