{"cameraMode":{"drawMode":0,"name":"Shaded","section":"Shading Mode"},"sceneLighting":true,"audioPlay":false,"sceneViewState":{"m_AlwaysRefresh":false,"showFog":true,"showSkybox":true,"showFlares":true,"showImageEffects":true,"showParticleSystems":true,"showVisualEffectGraphs":true,"m_FxEnabled":true},"in2DMode":false,"pivot":{"x":-10.768109321594239,"y":7.458565711975098,"z":-0.5239898562431336},"rotation":{"x":0.05551547929644585,"y":0.7029516696929932,"z":-0.056035254150629047,"w":0.7080171704292297},"size":0.2799288034439087,"orthographic":false}