{"cameraMode":{"drawMode":0,"name":"Shaded","section":"Shading Mode"},"sceneLighting":false,"audioPlay":false,"sceneViewState":{"m_AlwaysRefresh":false,"showFog":true,"showSkybox":true,"showFlares":true,"showImageEffects":true,"showParticleSystems":true,"showVisualEffectGraphs":true,"m_FxEnabled":true},"in2DMode":false,"pivot":{"x":-96.63088989257813,"y":1.7715747356414796,"z":12.840383529663086},"rotation":{"x":0.005757341161370277,"y":-0.988580048084259,"z":0.06647686660289765,"w":0.14198097586631776},"size":10.674166679382325,"orthographic":false}