{"cameraMode":{"drawMode":0,"name":"Shaded","section":"Shading Mode"},"sceneLighting":true,"audioPlay":false,"sceneViewState":{"m_AlwaysRefresh":false,"showFog":true,"showSkybox":true,"showFlares":true,"showImageEffects":true,"showParticleSystems":true,"showVisualEffectGraphs":true,"m_FxEnabled":true},"in2DMode":false,"pivot":{"x":-34.64316177368164,"y":-1.5775493383407593,"z":3.0216710567474367},"rotation":{"x":0.19143132865428925,"y":-0.5398479700088501,"z":0.12774474918842317,"w":0.8098171353340149},"size":3.3475959300994875,"orthographic":false}