{"cameraMode":{"drawMode":0,"name":"Shaded","section":"Shading Mode"},"sceneLighting":true,"audioPlay":false,"sceneViewState":{"m_AlwaysRefresh":false,"showFog":true,"showSkybox":true,"showFlares":true,"showImageEffects":true,"showParticleSystems":true,"showVisualEffectGraphs":true,"m_FxEnabled":true},"in2DMode":false,"pivot":{"x":0.11590477079153061,"y":3.999285936355591,"z":0.2870091199874878},"rotation":{"x":-0.22420164942741395,"y":0.5303680896759033,"z":-0.14779162406921388,"w":-0.8043793439865112},"size":0.6957487463951111,"orthographic":false}