{"cameraMode":{"drawMode":0,"name":"Shaded","section":"Shading Mode"},"sceneLighting":true,"audioPlay":false,"sceneViewState":{"m_AlwaysRefresh":false,"showFog":true,"showSkybox":true,"showFlares":true,"showImageEffects":true,"showParticleSystems":true,"showVisualEffectGraphs":true,"m_FxEnabled":true},"in2DMode":false,"pivot":{"x":1.7568705081939698,"y":4.564314365386963,"z":-4.143123149871826},"rotation":{"x":0.20712223649024964,"y":0.08961694687604904,"z":-0.018407244235277177,"w":0.9743061661720276},"size":1.614625334739685,"orthographic":false}