{"cameraMode":{"drawMode":0,"name":"Shaded","section":"Shading Mode"},"sceneLighting":false,"audioPlay":false,"sceneViewState":{"m_AlwaysRefresh":false,"showFog":true,"showSkybox":true,"showFlares":true,"showImageEffects":true,"showParticleSystems":true,"showVisualEffectGraphs":true,"m_FxEnabled":true},"in2DMode":false,"pivot":{"x":-8.210318565368653,"y":5.676387786865234,"z":14.503910064697266},"rotation":{"x":-0.026685714721679689,"y":0.5503395795822144,"z":-0.02172398567199707,"w":-0.8354031443595886},"size":24.375877380371095,"orthographic":false}