{"cameraMode":{"drawMode":0,"name":"Shaded","section":"Shading Mode"},"sceneLighting":true,"audioPlay":false,"sceneViewState":{"m_AlwaysRefresh":false,"showFog":true,"showSkybox":true,"showFlares":true,"showImageEffects":true,"showParticleSystems":true,"showVisualEffectGraphs":true,"m_FxEnabled":true},"in2DMode":false,"pivot":{"x":-35.85997009277344,"y":0.2792220115661621,"z":-0.40007075667381289},"rotation":{"x":0.0988520160317421,"y":-0.7144586443901062,"z":0.10322283208370209,"w":0.6850762367248535},"size":3.3475959300994875,"orthographic":false}