{"cameraMode":{"drawMode":0,"name":"Shaded","section":"Shading Mode"},"sceneLighting":true,"audioPlay":false,"sceneViewState":{"m_AlwaysRefresh":false,"showFog":true,"showSkybox":true,"showFlares":true,"showImageEffects":true,"showParticleSystems":true,"showVisualEffectGraphs":true,"m_FxEnabled":true},"in2DMode":false,"pivot":{"x":60.5184211730957,"y":104.02698516845703,"z":-249.259521484375},"rotation":{"x":-0.0022335608955472709,"y":-0.36459386348724368,"z":0.0008777431212365627,"w":-0.931177020072937},"size":9.028282165527344,"orthographic":false}