{"cameraMode":{"drawMode":0,"name":"Shaded","section":"Shading Mode"},"sceneLighting":true,"audioPlay":false,"sceneViewState":{"m_AlwaysRefresh":false,"showFog":true,"showSkybox":true,"showFlares":true,"showImageEffects":true,"showParticleSystems":true,"showVisualEffectGraphs":true,"m_FxEnabled":true},"in2DMode":false,"pivot":{"x":-5.898066520690918,"y":7.509148120880127,"z":-0.07739558070898056},"rotation":{"x":-0.05425121262669563,"y":-0.7205178737640381,"z":0.05655110999941826,"w":-0.6888560056686401},"size":1.0985735654830933,"orthographic":false}